CREATE DATABASE  IF NOT EXISTS `myshop` /*!40100 DEFAULT CHARACTER SET utf8 COLLATE utf8_unicode_ci */;
USE `myshop`;
-- MySQL dump 10.13  Distrib 5.6.17, for Win32 (x86)
--
-- Host: localhost    Database: myshop
-- ------------------------------------------------------
-- Server version	5.6.19-log

/*!40101 SET @OLD_CHARACTER_SET_CLIENT=@@CHARACTER_SET_CLIENT */;
/*!40101 SET @OLD_CHARACTER_SET_RESULTS=@@CHARACTER_SET_RESULTS */;
/*!40101 SET @OLD_COLLATION_CONNECTION=@@COLLATION_CONNECTION */;
/*!40101 SET NAMES utf8 */;
/*!40103 SET @OLD_TIME_ZONE=@@TIME_ZONE */;
/*!40103 SET TIME_ZONE='+00:00' */;
/*!40014 SET @OLD_UNIQUE_CHECKS=@@UNIQUE_CHECKS, UNIQUE_CHECKS=0 */;
/*!40014 SET @OLD_FOREIGN_KEY_CHECKS=@@FOREIGN_KEY_CHECKS, FOREIGN_KEY_CHECKS=0 */;
/*!40101 SET @OLD_SQL_MODE=@@SQL_MODE, SQL_MODE='NO_AUTO_VALUE_ON_ZERO' */;
/*!40111 SET @OLD_SQL_NOTES=@@SQL_NOTES, SQL_NOTES=0 */;

--
-- Table structure for table `acct_authority`
--

DROP TABLE IF EXISTS `acct_authority`;
/*!40101 SET @saved_cs_client     = @@character_set_client */;
/*!40101 SET character_set_client = utf8 */;
CREATE TABLE `acct_authority` (
  `id` bigint(20) NOT NULL AUTO_INCREMENT,
  `name` varchar(255) COLLATE utf8_unicode_ci NOT NULL,
  PRIMARY KEY (`id`),
  UNIQUE KEY `name` (`name`)
) ENGINE=InnoDB AUTO_INCREMENT=5 DEFAULT CHARSET=utf8 COLLATE=utf8_unicode_ci;
/*!40101 SET character_set_client = @saved_cs_client */;

--
-- Dumping data for table `acct_authority`
--

LOCK TABLES `acct_authority` WRITE;
/*!40000 ALTER TABLE `acct_authority` DISABLE KEYS */;
INSERT INTO `acct_authority` VALUES (2,'修改用户'),(4,'修改角色'),(1,'浏览用户'),(3,'浏览角色');
/*!40000 ALTER TABLE `acct_authority` ENABLE KEYS */;
UNLOCK TABLES;

--
-- Table structure for table `acct_role`
--

DROP TABLE IF EXISTS `acct_role`;
/*!40101 SET @saved_cs_client     = @@character_set_client */;
/*!40101 SET character_set_client = utf8 */;
CREATE TABLE `acct_role` (
  `id` bigint(20) NOT NULL AUTO_INCREMENT,
  `name` varchar(255) COLLATE utf8_unicode_ci NOT NULL,
  PRIMARY KEY (`id`),
  UNIQUE KEY `name` (`name`)
) ENGINE=InnoDB AUTO_INCREMENT=3 DEFAULT CHARSET=utf8 COLLATE=utf8_unicode_ci;
/*!40101 SET character_set_client = @saved_cs_client */;

--
-- Dumping data for table `acct_role`
--

LOCK TABLES `acct_role` WRITE;
/*!40000 ALTER TABLE `acct_role` DISABLE KEYS */;
INSERT INTO `acct_role` VALUES (2,'用户'),(1,'管理员');
/*!40000 ALTER TABLE `acct_role` ENABLE KEYS */;
UNLOCK TABLES;

--
-- Table structure for table `acct_role_authority`
--

DROP TABLE IF EXISTS `acct_role_authority`;
/*!40101 SET @saved_cs_client     = @@character_set_client */;
/*!40101 SET character_set_client = utf8 */;
CREATE TABLE `acct_role_authority` (
  `role_id` bigint(20) NOT NULL,
  `authority_id` bigint(20) NOT NULL,
  KEY `FKAE243466DE3FB930` (`role_id`),
  KEY `FKAE2434663FE97564` (`authority_id`),
  CONSTRAINT `FKAE2434663FE97564` FOREIGN KEY (`authority_id`) REFERENCES `acct_authority` (`id`),
  CONSTRAINT `FKAE243466DE3FB930` FOREIGN KEY (`role_id`) REFERENCES `acct_role` (`id`)
) ENGINE=InnoDB DEFAULT CHARSET=utf8 COLLATE=utf8_unicode_ci;
/*!40101 SET character_set_client = @saved_cs_client */;

--
-- Dumping data for table `acct_role_authority`
--

LOCK TABLES `acct_role_authority` WRITE;
/*!40000 ALTER TABLE `acct_role_authority` DISABLE KEYS */;
INSERT INTO `acct_role_authority` VALUES (1,1),(1,2),(1,3),(1,4),(2,1),(2,3);
/*!40000 ALTER TABLE `acct_role_authority` ENABLE KEYS */;
UNLOCK TABLES;

--
-- Table structure for table `acct_user`
--

DROP TABLE IF EXISTS `acct_user`;
/*!40101 SET @saved_cs_client     = @@character_set_client */;
/*!40101 SET character_set_client = utf8 */;
CREATE TABLE `acct_user` (
  `id` bigint(20) NOT NULL AUTO_INCREMENT,
  `email` varchar(255) COLLATE utf8_unicode_ci DEFAULT NULL,
  `login_name` varchar(255) COLLATE utf8_unicode_ci NOT NULL,
  `name` varchar(255) COLLATE utf8_unicode_ci DEFAULT NULL,
  `password` varchar(255) COLLATE utf8_unicode_ci DEFAULT NULL,
  PRIMARY KEY (`id`),
  UNIQUE KEY `login_name` (`login_name`)
) ENGINE=InnoDB AUTO_INCREMENT=3 DEFAULT CHARSET=utf8 COLLATE=utf8_unicode_ci;
/*!40101 SET character_set_client = @saved_cs_client */;

--
-- Dumping data for table `acct_user`
--

LOCK TABLES `acct_user` WRITE;
/*!40000 ALTER TABLE `acct_user` DISABLE KEYS */;
INSERT INTO `acct_user` VALUES (1,'admin@springside.org.cn','admin','Admin','admin'),(2,'user@springside.org.cn','user','User','user');
/*!40000 ALTER TABLE `acct_user` ENABLE KEYS */;
UNLOCK TABLES;

--
-- Table structure for table `acct_user_role`
--

DROP TABLE IF EXISTS `acct_user_role`;
/*!40101 SET @saved_cs_client     = @@character_set_client */;
/*!40101 SET character_set_client = utf8 */;
CREATE TABLE `acct_user_role` (
  `user_id` bigint(20) NOT NULL,
  `role_id` bigint(20) NOT NULL,
  KEY `FKFE85CB3EDE3FB930` (`role_id`),
  KEY `FKFE85CB3E836A7D10` (`user_id`),
  CONSTRAINT `FKFE85CB3E836A7D10` FOREIGN KEY (`user_id`) REFERENCES `acct_user` (`id`),
  CONSTRAINT `FKFE85CB3EDE3FB930` FOREIGN KEY (`role_id`) REFERENCES `acct_role` (`id`)
) ENGINE=InnoDB DEFAULT CHARSET=utf8 COLLATE=utf8_unicode_ci;
/*!40101 SET character_set_client = @saved_cs_client */;

--
-- Dumping data for table `acct_user_role`
--

LOCK TABLES `acct_user_role` WRITE;
/*!40000 ALTER TABLE `acct_user_role` DISABLE KEYS */;
INSERT INTO `acct_user_role` VALUES (1,1),(1,2),(2,2);
/*!40000 ALTER TABLE `acct_user_role` ENABLE KEYS */;
UNLOCK TABLES;

--
-- Dumping routines for database 'myshop'
--
/*!40103 SET TIME_ZONE=@OLD_TIME_ZONE */;

/*!40101 SET SQL_MODE=@OLD_SQL_MODE */;
/*!40014 SET FOREIGN_KEY_CHECKS=@OLD_FOREIGN_KEY_CHECKS */;
/*!40014 SET UNIQUE_CHECKS=@OLD_UNIQUE_CHECKS */;
/*!40101 SET CHARACTER_SET_CLIENT=@OLD_CHARACTER_SET_CLIENT */;
/*!40101 SET CHARACTER_SET_RESULTS=@OLD_CHARACTER_SET_RESULTS */;
/*!40101 SET COLLATION_CONNECTION=@OLD_COLLATION_CONNECTION */;
/*!40111 SET SQL_NOTES=@OLD_SQL_NOTES */;

-- Dump completed on 2014-12-09 16:19:00
